name,description,price,image,category,inStock,rating
Wireless Bluetooth Headphones,Noise cancelling headphones,3000,https://cdn.thewirecutter.com/wp-content/media/2023/07/bluetoothheadphones-2048px-0876.jpg,Electronics,25,4.8
Smart Fitness Watch,Fitness tracking watch,2500,https://images.pexels.com/photos/437037/pexels-photo-437037.jpeg,Electronics,15,4.6
Premium Cotton T-Shirt,Soft cotton t-shirt,500,https://www.fairindigo.com/cdn/shop/files/BG_OF_04750_Iron_FW25_3950.jpg,Apparel,50,4.4
Modern Desk Lamp,LED desk lamp,400,https://images.pexels.com/photos/1112598/pexels-photo-1112598.jpeg,Home & Garden,30,4.7
Stainless Steel Water Bottle,Insulated water bottle,800,https://images.pexels.com/photos/416528/pexels-photo-416528.jpeg,Outdoors,40,4.5
Smartphone,Premium quality smartphone designed for everyday use,4752,https://picsum.photos/seed/1/400/400,Electronics,70,4.8
Laptop,Premium quality laptop designed for everyday use,796,https://picsum.photos/seed/2/400/400,Electronics,92,3.6
Tablet,Premium quality tablet designed for everyday use,3593,https://picsum.photos/seed/3/400/400,Electronics,7,3.7
Smart TV,Premium quality smart tv designed for everyday use,7071,https://picsum.photos/seed/4/400/400,Electronics,62,3.7
Bluetooth Speaker,Premium quality bluetooth speaker designed for everyday use,388,https://picsum.photos/seed/5/400/400,Electronics,67,4.6
Wireless Earbuds,Premium quality wireless earbuds designed for everyday use,7144,https://picsum.photos/seed/6/400/400,Electronics,28,3.5
Noise Cancelling Headphones,Premium quality noise cancelling headphones designed for everyday use,3012,https://picsum.photos/seed/7/400/400,Electronics,46,4.5
Gaming Console,Premium quality gaming console designed for everyday use,3828,https://picsum.photos/seed/8/400/400,Electronics,44,4.6
Action Camera,Premium quality action camera designed for everyday use,2577,https://picsum.photos/seed/9/400/400,Electronics,74,4.5
DSLR Camera,Premium quality dslr camera designed for everyday use,602,https://picsum.photos/seed/10/400/400,Electronics,55,4.1
Smart Watch,Premium quality smart watch designed for everyday use,4858,https://picsum.photos/seed/11/400/400,Electronics,55,4.0
Fitness Band,Premium quality fitness band designed for everyday use,1130,https://picsum.photos/seed/12/400/400,Electronics,10,3.6
Power Bank,Premium quality power bank designed for everyday use,3816,https://picsum.photos/seed/13/400/400,Electronics,6,4.6
Wireless Charger,Premium quality wireless charger designed for everyday use,4788,https://picsum.photos/seed/14/400/400,Electronics,89,3.7
USB Hub,Premium quality usb hub designed for everyday use,4477,https://picsum.photos/seed/15/400/400,Electronics,41,4.8
Mechanical Keyboard,Premium quality mechanical keyboard designed for everyday use,3535,https://picsum.photos/seed/16/400/400,Electronics,28,3.8
Gaming Mouse,Premium quality gaming mouse designed for everyday use,2383,https://picsum.photos/seed/17/400/400,Electronics,16,4.4
WiFi Router,Premium quality wifi router designed for everyday use,5004,https://picsum.photos/seed/18/400/400,Electronics,35,3.7
Portable SSD,Premium quality portable ssd designed for everyday use,5921,https://picsum.photos/seed/19/400/400,Electronics,35,4.3
External Hard Drive,Premium quality external hard drive designed for everyday use,4555,https://picsum.photos/seed/20/400/400,Electronics,19,4.2
Webcam,Premium quality webcam designed for everyday use,6260,https://picsum.photos/seed/21/400/400,Electronics,99,3.7
Monitor,Premium quality monitor designed for everyday use,1896,https://picsum.photos/seed/22/400/400,Electronics,67,3.9
Graphics Tablet,Premium quality graphics tablet designed for everyday use,7602,https://picsum.photos/seed/23/400/400,Electronics,60,4.2
VR Headset,Premium quality vr headset designed for everyday use,987,https://picsum.photos/seed/24/400/400,Electronics,51,3.7
Projector,Premium quality projector designed for everyday use,3383,https://picsum.photos/seed/25/400/400,Electronics,39,4.1
Soundbar,Premium quality soundbar designed for everyday use,2878,https://picsum.photos/seed/26/400/400,Electronics,22,4.0
Dash Camera,Premium quality dash camera designed for everyday use,1603,https://picsum.photos/seed/27/400/400,Electronics,90,3.7
Home Security Camera,Premium quality home security camera designed for everyday use,7708,https://picsum.photos/seed/28/400/400,Electronics,42,4.7
Smart Door Lock,Premium quality smart door lock designed for everyday use,7074,https://picsum.photos/seed/29/400/400,Electronics,38,4.0
Smart Bulb,Premium quality smart bulb designed for everyday use,2526,https://picsum.photos/seed/30/400/400,Electronics,9,4.0
Air Purifier,Premium quality air purifier designed for everyday use,5140,https://picsum.photos/seed/31/400/400,Electronics,94,3.9
Robot Vacuum,Premium quality robot vacuum designed for everyday use,1797,https://picsum.photos/seed/32/400/400,Electronics,81,3.7
Electric Kettle,Premium quality electric kettle designed for everyday use,5676,https://picsum.photos/seed/33/400/400,Electronics,63,4.9
Induction Cooktop,Premium quality induction cooktop designed for everyday use,5251,https://picsum.photos/seed/34/400/400,Electronics,62,4.3
Microwave Oven,Premium quality microwave oven designed for everyday use,5370,https://picsum.photos/seed/35/400/400,Electronics,79,4.2
Coffee Maker,Premium quality coffee maker designed for everyday use,6343,https://picsum.photos/seed/36/400/400,Electronics,43,3.8
Blender,Premium quality blender designed for everyday use,4630,https://picsum.photos/seed/37/400/400,Electronics,74,3.9
Juicer,Premium quality juicer designed for everyday use,3185,https://picsum.photos/seed/38/400/400,Electronics,10,4.3
Electric Iron,Premium quality electric iron designed for everyday use,6079,https://picsum.photos/seed/39/400/400,Electronics,49,4.3
Hair Dryer,Premium quality hair dryer designed for everyday use,3173,https://picsum.photos/seed/40/400/400,Electronics,44,3.8
Trimmer,Premium quality trimmer designed for everyday use,5099,https://picsum.photos/seed/41/400/400,Electronics,93,4.0
Electric Toothbrush,Premium quality electric toothbrush designed for everyday use,7252,https://picsum.photos/seed/42/400/400,Electronics,32,3.8
Water Purifier,Premium quality water purifier designed for everyday use,5621,https://picsum.photos/seed/43/400/400,Electronics,15,4.5
Refrigerator,Premium quality refrigerator designed for everyday use,1890,https://picsum.photos/seed/44/400/400,Electronics,6,4.7
Washing Machine,Premium quality washing machine designed for everyday use,4809,https://picsum.photos/seed/45/400/400,Electronics,9,3.6
Dishwasher,Premium quality dishwasher designed for everyday use,2165,https://picsum.photos/seed/46/400/400,Electronics,63,4.8
Air Conditioner,Premium quality air conditioner designed for everyday use,7423,https://picsum.photos/seed/47/400/400,Electronics,94,3.6
Ceiling Fan,Premium quality ceiling fan designed for everyday use,3968,https://picsum.photos/seed/48/400/400,Electronics,51,4.4
Table Fan,Premium quality table fan designed for everyday use,6719,https://picsum.photos/seed/49/400/400,Electronics,11,4.8
Men Denim Jacket,Premium quality men denim jacket designed for everyday use,1645,https://picsum.photos/seed/50/400/400,Apparel,54,4.5
Women Summer Dress,Premium quality women summer dress designed for everyday use,7446,https://picsum.photos/seed/51/400/400,Apparel,32,4.0
Cotton T-Shirt,Premium quality cotton t-shirt designed for everyday use,2560,https://picsum.photos/seed/52/400/400,Apparel,74,3.9
Polo T-Shirt,Premium quality polo t-shirt designed for everyday use,1064,https://picsum.photos/seed/53/400/400,Apparel,36,4.7
Formal Shirt,Premium quality formal shirt designed for everyday use,3240,https://picsum.photos/seed/54/400/400,Apparel,34,4.0
Casual Shirt,Premium quality casual shirt designed for everyday use,6510,https://picsum.photos/seed/55/400/400,Apparel,99,4.4
Hoodie,Premium quality hoodie designed for everyday use,7372,https://picsum.photos/seed/56/400/400,Apparel,55,4.8
Sweatshirt,Premium quality sweatshirt designed for everyday use,5948,https://picsum.photos/seed/57/400/400,Apparel,5,4.0
Winter Sweater,Premium quality winter sweater designed for everyday use,1155,https://picsum.photos/seed/58/400/400,Apparel,29,3.9
Leather Jacket,Premium quality leather jacket designed for everyday use,6314,https://picsum.photos/seed/59/400/400,Apparel,15,3.5
Track Pants,Premium quality track pants designed for everyday use,5598,https://picsum.photos/seed/60/400/400,Apparel,33,4.2
Joggers,Premium quality joggers designed for everyday use,1717,https://picsum.photos/seed/61/400/400,Apparel,76,4.0
Jeans,Premium quality jeans designed for everyday use,7273,https://picsum.photos/seed/62/400/400,Apparel,58,3.5
Chinos,Premium quality chinos designed for everyday use,6351,https://picsum.photos/seed/63/400/400,Apparel,85,4.3
Shorts,Premium quality shorts designed for everyday use,2827,https://picsum.photos/seed/64/400/400,Apparel,16,4.7
Kurti,Premium quality kurti designed for everyday use,2920,https://picsum.photos/seed/65/400/400,Apparel,67,3.6
Saree,Premium quality saree designed for everyday use,4854,https://picsum.photos/seed/66/400/400,Apparel,47,4.6
Salwar Suit,Premium quality salwar suit designed for everyday use,5041,https://picsum.photos/seed/67/400/400,Apparel,99,4.8
Blazer,Premium quality blazer designed for everyday use,612,https://picsum.photos/seed/68/400/400,Apparel,54,3.8
Coat,Premium quality coat designed for everyday use,4280,https://picsum.photos/seed/69/400/400,Apparel,40,3.7
Running Shoes,Premium quality running shoes designed for everyday use,2024,https://picsum.photos/seed/70/400/400,Apparel,15,3.6
Sneakers,Premium quality sneakers designed for everyday use,1610,https://picsum.photos/seed/71/400/400,Apparel,26,4.6
Formal Shoes,Premium quality formal shoes designed for everyday use,3148,https://picsum.photos/seed/72/400/400,Apparel,82,4.8
Sandals,Premium quality sandals designed for everyday use,2292,https://picsum.photos/seed/73/400/400,Apparel,35,3.6
Slippers,Premium quality slippers designed for everyday use,3306,https://picsum.photos/seed/74/400/400,Apparel,61,3.5
Heels,Premium quality heels designed for everyday use,640,https://picsum.photos/seed/75/400/400,Apparel,60,4.1
Flats,Premium quality flats designed for everyday use,6724,https://picsum.photos/seed/76/400/400,Apparel,18,3.6
Sports Shoes,Premium quality sports shoes designed for everyday use,661,https://picsum.photos/seed/77/400/400,Apparel,94,4.9
Cap,Premium quality cap designed for everyday use,1580,https://picsum.photos/seed/78/400/400,Apparel,61,4.7
Beanie,Premium quality beanie designed for everyday use,2171,https://picsum.photos/seed/79/400/400,Apparel,97,3.6
Scarf,Premium quality scarf designed for everyday use,5667,https://picsum.photos/seed/80/400/400,Apparel,28,4.3
Gloves,Premium quality gloves designed for everyday use,2690,https://picsum.photos/seed/81/400/400,Apparel,35,4.4
Leather Belt,Premium quality leather belt designed for everyday use,2117,https://picsum.photos/seed/82/400/400,Apparel,29,4.1
Wallet,Premium quality wallet designed for everyday use,3715,https://picsum.photos/seed/83/400/400,Apparel,66,4.0
Handbag,Premium quality handbag designed for everyday use,1810,https://picsum.photos/seed/84/400/400,Apparel,99,4.5
Backpack,Premium quality backpack designed for everyday use,4511,https://picsum.photos/seed/85/400/400,Apparel,74,3.8
Laptop Bag,Premium quality laptop bag designed for everyday use,3643,https://picsum.photos/seed/86/400/400,Apparel,54,4.8
Duffel Bag,Premium quality duffel bag designed for everyday use,3460,https://picsum.photos/seed/87/400/400,Apparel,48,4.5
Sunglasses,Premium quality sunglasses designed for everyday use,994,https://picsum.photos/seed/88/400/400,Apparel,100,4.8
Watch,Premium quality watch designed for everyday use,5508,https://picsum.photos/seed/89/400/400,Apparel,55,4.0
Socks,Premium quality socks designed for everyday use,7597,https://picsum.photos/seed/90/400/400,Apparel,72,4.5
Tie,Premium quality tie designed for everyday use,5717,https://picsum.photos/seed/91/400/400,Apparel,82,3.6
Cufflinks,Premium quality cufflinks designed for everyday use,7446,https://picsum.photos/seed/92/400/400,Apparel,35,4.5
Raincoat,Premium quality raincoat designed for everyday use,3010,https://picsum.photos/seed/93/400/400,Apparel,53,4.5
Windcheater,Premium quality windcheater designed for everyday use,7170,https://picsum.photos/seed/94/400/400,Apparel,58,4.2
Wooden Dining Table,Premium quality wooden dining table designed for everyday use,987,https://picsum.photos/seed/95/400/400,Home & Garden,91,4.6
Office Chair,Premium quality office chair designed for everyday use,7789,https://picsum.photos/seed/96/400/400,Home & Garden,41,4.5
Study Table,Premium quality study table designed for everyday use,471,https://picsum.photos/seed/97/400/400,Home & Garden,79,4.1
Sofa Set,Premium quality sofa set designed for everyday use,3446,https://picsum.photos/seed/98/400/400,Home & Garden,47,4.4
Recliner Chair,Premium quality recliner chair designed for everyday use,7725,https://picsum.photos/seed/99/400/400,Home & Garden,70,4.5
Bed Frame,Premium quality bed frame designed for everyday use,7793,https://picsum.photos/seed/100/400/400,Home & Garden,32,4.1
Mattress,Premium quality mattress designed for everyday use,5305,https://picsum.photos/seed/101/400/400,Home & Garden,76,4.7
Wardrobe,Premium quality wardrobe designed for everyday use,5492,https://picsum.photos/seed/102/400/400,Home & Garden,79,3.9
Bookshelf,Premium quality bookshelf designed for everyday use,7265,https://picsum.photos/seed/103/400/400,Home & Garden,68,4.8
TV Unit,Premium quality tv unit designed for everyday use,1563,https://picsum.photos/seed/104/400/400,Home & Garden,33,4.1
Wall Clock,Premium quality wall clock designed for everyday use,7140,https://picsum.photos/seed/105/400/400,Home & Garden,11,3.9
Table Lamp,Premium quality table lamp designed for everyday use,4708,https://picsum.photos/seed/106/400/400,Home & Garden,65,4.3
Floor Lamp,Premium quality floor lamp designed for everyday use,1318,https://picsum.photos/seed/107/400/400,Home & Garden,95,4.2
LED Bulb Pack,Premium quality led bulb pack designed for everyday use,2358,https://picsum.photos/seed/108/400/400,Home & Garden,66,4.9
Night Lamp,Premium quality night lamp designed for everyday use,1472,https://picsum.photos/seed/109/400/400,Home & Garden,53,3.6
Curtains,Premium quality curtains designed for everyday use,3286,https://picsum.photos/seed/110/400/400,Home & Garden,92,4.6
Window Blinds,Premium quality window blinds designed for everyday use,7379,https://picsum.photos/seed/111/400/400,Home & Garden,21,3.6
Carpet,Premium quality carpet designed for everyday use,639,https://picsum.photos/seed/112/400/400,Home & Garden,69,4.8
Rug,Premium quality rug designed for everyday use,528,https://picsum.photos/seed/113/400/400,Home & Garden,50,4.7
Doormat,Premium quality doormat designed for everyday use,305,https://picsum.photos/seed/114/400/400,Home & Garden,81,4.3
Cushion Cover,Premium quality cushion cover designed for everyday use,7351,https://picsum.photos/seed/115/400/400,Home & Garden,42,4.6
Bedsheet Set,Premium quality bedsheet set designed for everyday use,741,https://picsum.photos/seed/116/400/400,Home & Garden,68,4.5
Pillow,Premium quality pillow designed for everyday use,3256,https://picsum.photos/seed/117/400/400,Home & Garden,17,4.2
Blanket,Premium quality blanket designed for everyday use,5503,https://picsum.photos/seed/118/400/400,Home & Garden,24,3.7
Comforter,Premium quality comforter designed for everyday use,671,https://picsum.photos/seed/119/400/400,Home & Garden,74,4.5
Plant Pot,Premium quality plant pot designed for everyday use,3369,https://picsum.photos/seed/120/400/400,Home & Garden,10,3.6
Indoor Plant,Premium quality indoor plant designed for everyday use,3354,https://picsum.photos/seed/121/400/400,Home & Garden,53,4.2
Garden Hose,Premium quality garden hose designed for everyday use,2242,https://picsum.photos/seed/122/400/400,Home & Garden,5,3.9
Watering Can,Premium quality watering can designed for everyday use,4765,https://picsum.photos/seed/123/400/400,Home & Garden,65,4.8
Lawn Sprinkler,Premium quality lawn sprinkler designed for everyday use,2934,https://picsum.photos/seed/124/400/400,Home & Garden,92,4.0
Tool Kit,Premium quality tool kit designed for everyday use,5942,https://picsum.photos/seed/125/400/400,Home & Garden,84,4.3
Hammer,Premium quality hammer designed for everyday use,594,https://picsum.photos/seed/126/400/400,Home & Garden,70,4.0
Screwdriver Set,Premium quality screwdriver set designed for everyday use,7625,https://picsum.photos/seed/127/400/400,Home & Garden,92,3.8
Drill Machine,Premium quality drill machine designed for everyday use,7691,https://picsum.photos/seed/128/400/400,Home & Garden,11,3.9
Extension Cord,Premium quality extension cord designed for everyday use,2127,https://picsum.photos/seed/129/400/400,Home & Garden,7,4.8
Switch Board,Premium quality switch board designed for everyday use,7587,https://picsum.photos/seed/130/400/400,Home & Garden,63,3.8
Door Mat,Premium quality door mat designed for everyday use,5540,https://picsum.photos/seed/131/400/400,Home & Garden,64,4.6
Wall Shelf,Premium quality wall shelf designed for everyday use,7930,https://picsum.photos/seed/132/400/400,Home & Garden,47,4.3
Mirror,Premium quality mirror designed for everyday use,2759,https://picsum.photos/seed/133/400/400,Home & Garden,23,3.8
Photo Frame,Premium quality photo frame designed for everyday use,4373,https://picsum.photos/seed/134/400/400,Home & Garden,40,4.0
Storage Box,Premium quality storage box designed for everyday use,4502,https://picsum.photos/seed/135/400/400,Home & Garden,19,3.8
Laundry Basket,Premium quality laundry basket designed for everyday use,462,https://picsum.photos/seed/136/400/400,Home & Garden,82,4.1
Clothes Hanger,Premium quality clothes hanger designed for everyday use,5946,https://picsum.photos/seed/137/400/400,Home & Garden,67,4.4
Ironing Board,Premium quality ironing board designed for everyday use,2520,https://picsum.photos/seed/138/400/400,Home & Garden,19,3.9
Dustbin,Premium quality dustbin designed for everyday use,891,https://picsum.photos/seed/139/400/400,Home & Garden,94,4.9
Camping Tent,Premium quality camping tent designed for everyday use,2569,https://picsum.photos/seed/140/400/400,Outdoors,16,3.9
Sleeping Bag,Premium quality sleeping bag designed for everyday use,3687,https://picsum.photos/seed/141/400/400,Outdoors,63,4.6
Trekking Backpack,Premium quality trekking backpack designed for everyday use,6655,https://picsum.photos/seed/142/400/400,Outdoors,28,4.5
Hiking Shoes,Premium quality hiking shoes designed for everyday use,4523,https://picsum.photos/seed/143/400/400,Outdoors,86,3.9
Camping Chair,Premium quality camping chair designed for everyday use,3707,https://picsum.photos/seed/144/400/400,Outdoors,74,3.8
Camping Table,Premium quality camping table designed for everyday use,6509,https://picsum.photos/seed/145/400/400,Outdoors,15,4.9
Portable Stove,Premium quality portable stove designed for everyday use,2103,https://picsum.photos/seed/146/400/400,Outdoors,9,4.0
Gas Canister,Premium quality gas canister designed for everyday use,1364,https://picsum.photos/seed/147/400/400,Outdoors,37,3.5
Torch Light,Premium quality torch light designed for everyday use,4130,https://picsum.photos/seed/148/400/400,Outdoors,96,4.7
LED Lantern,Premium quality led lantern designed for everyday use,495,https://picsum.photos/seed/149/400/400,Outdoors,12,3.7
Sports Water Bottle,Premium quality sports water bottle designed for everyday use,632,https://picsum.photos/seed/150/400/400,Outdoors,20,4.1
Yoga Mat,Premium quality yoga mat designed for everyday use,6686,https://picsum.photos/seed/151/400/400,Outdoors,32,4.0
Skipping Rope,Premium quality skipping rope designed for everyday use,4498,https://picsum.photos/seed/152/400/400,Outdoors,42,3.8
Dumbbells,Premium quality dumbbells designed for everyday use,3705,https://picsum.photos/seed/153/400/400,Outdoors,54,4.6
Resistance Bands,Premium quality resistance bands designed for everyday use,5950,https://picsum.photos/seed/154/400/400,Outdoors,27,4.0
Cricket Bat,Premium quality cricket bat designed for everyday use,7299,https://picsum.photos/seed/155/400/400,Outdoors,98,4.1
Cricket Ball,Premium quality cricket ball designed for everyday use,4527,https://picsum.photos/seed/156/400/400,Outdoors,32,4.2
Football,Premium quality football designed for everyday use,1467,https://picsum.photos/seed/157/400/400,Outdoors,88,4.5
Basketball,Premium quality basketball designed for everyday use,2817,https://picsum.photos/seed/158/400/400,Outdoors,5,4.5
Volleyball,Premium quality volleyball designed for everyday use,2674,https://picsum.photos/seed/159/400/400,Outdoors,40,4.4
Badminton Racket,Premium quality badminton racket designed for everyday use,4074,https://picsum.photos/seed/160/400/400,Outdoors,26,4.5
Tennis Racket,Premium quality tennis racket designed for everyday use,3131,https://picsum.photos/seed/161/400/400,Outdoors,19,3.7
Table Tennis Bat,Premium quality table tennis bat designed for everyday use,7168,https://picsum.photos/seed/162/400/400,Outdoors,24,4.9
Cycling Helmet,Premium quality cycling helmet designed for everyday use,6992,https://picsum.photos/seed/163/400/400,Outdoors,74,4.5
Bicycle,Premium quality bicycle designed for everyday use,657,https://picsum.photos/seed/164/400/400,Outdoors,51,3.6
Mountain Bike,Premium quality mountain bike designed for everyday use,3756,https://picsum.photos/seed/165/400/400,Outdoors,79,4.3
Road Bike,Premium quality road bike designed for everyday use,4304,https://picsum.photos/seed/166/400/400,Outdoors,13,4.0
Scooter Helmet,Premium quality scooter helmet designed for everyday use,7133,https://picsum.photos/seed/167/400/400,Outdoors,84,4.4
Knee Guard,Premium quality knee guard designed for everyday use,4688,https://picsum.photos/seed/168/400/400,Outdoors,87,4.2
Elbow Guard,Premium quality elbow guard designed for everyday use,5173,https://picsum.photos/seed/169/400/400,Outdoors,5,4.0
Swimming Goggles,Premium quality swimming goggles designed for everyday use,4994,https://picsum.photos/seed/170/400/400,Outdoors,56,4.5
Swim Cap,Premium quality swim cap designed for everyday use,7716,https://picsum.photos/seed/171/400/400,Outdoors,96,3.8
Life Jacket,Premium quality life jacket designed for everyday use,3274,https://picsum.photos/seed/172/400/400,Outdoors,35,4.3
Fishing Rod,Premium quality fishing rod designed for everyday use,4598,https://picsum.photos/seed/173/400/400,Outdoors,53,3.6
Fishing Reel,Premium quality fishing reel designed for everyday use,7040,https://picsum.photos/seed/174/400/400,Outdoors,71,4.2
Picnic Basket,Premium quality picnic basket designed for everyday use,1439,https://picsum.photos/seed/175/400/400,Outdoors,81,4.2
Travel Pillow,Premium quality travel pillow designed for everyday use,1308,https://picsum.photos/seed/176/400/400,Outdoors,58,4.7
Travel Backpack,Premium quality travel backpack designed for everyday use,5007,https://picsum.photos/seed/177/400/400,Outdoors,22,4.3
Travel Organizer,Premium quality travel organizer designed for everyday use,4098,https://picsum.photos/seed/178/400/400,Outdoors,98,3.7
Suitcase,Premium quality suitcase designed for everyday use,3756,https://picsum.photos/seed/179/400/400,Outdoors,47,4.5
Trolley Bag,Premium quality trolley bag designed for everyday use,871,https://picsum.photos/seed/180/400/400,Outdoors,99,4.6
Duffel Travel Bag,Premium quality duffel travel bag designed for everyday use,7634,https://picsum.photos/seed/181/400/400,Outdoors,5,4.8
Rain Poncho,Premium quality rain poncho designed for everyday use,2498,https://picsum.photos/seed/182/400/400,Outdoors,50,3.6
Sunglasses Outdoor,Premium quality sunglasses outdoor designed for everyday use,1191,https://picsum.photos/seed/183/400/400,Outdoors,18,4.7
Binoculars,Premium quality binoculars designed for everyday use,6061,https://picsum.photos/seed/184/400/400,Outdoors,86,4.0
Python Programming,Premium quality python programming designed for everyday use,3402,https://picsum.photos/seed/185/400/400,Books,82,3.6
Java Programming,Premium quality java programming designed for everyday use,6562,https://picsum.photos/seed/186/400/400,Books,53,3.8
C++ Programming,Premium quality c++ programming designed for everyday use,4111,https://picsum.photos/seed/187/400/400,Books,10,3.8
JavaScript Guide,Premium quality javascript guide designed for everyday use,3145,https://picsum.photos/seed/188/400/400,Books,22,4.3
React Handbook,Premium quality react handbook designed for everyday use,7037,https://picsum.photos/seed/189/400/400,Books,88,4.2
Node.js Guide,Premium quality node.js guide designed for everyday use,1071,https://picsum.photos/seed/190/400/400,Books,77,4.1
Data Structures Book,Premium quality data structures book designed for everyday use,3565,https://picsum.photos/seed/191/400/400,Books,78,4.8
Algorithms Book,Premium quality algorithms book designed for everyday use,363,https://picsum.photos/seed/192/400/400,Books,69,4.1
Machine Learning Basics,Premium quality machine learning basics designed for everyday use,1320,https://picsum.photos/seed/193/400/400,Books,9,3.5
AI Fundamentals,Premium quality ai fundamentals designed for everyday use,2004,https://picsum.photos/seed/194/400/400,Books,59,4.7
Data Science Handbook,Premium quality data science handbook designed for everyday use,6003,https://picsum.photos/seed/195/400/400,Books,13,4.3
SQL Guide,Premium quality sql guide designed for everyday use,3467,https://picsum.photos/seed/196/400/400,Books,95,4.5
Database Design,Premium quality database design designed for everyday use,7062,https://picsum.photos/seed/197/400/400,Books,52,4.2
Operating Systems,Premium quality operating systems designed for everyday use,3888,https://picsum.photos/seed/198/400/400,Books,81,4.2
Computer Networks,Premium quality computer networks designed for everyday use,6247,https://picsum.photos/seed/199/400/400,Books,87,4.1
Cyber Security Basics,Premium quality cyber security basics designed for everyday use,6481,https://picsum.photos/seed/200/400/400,Books,83,4.3
Cloud Computing,Premium quality cloud computing designed for everyday use,2175,https://picsum.photos/seed/201/400/400,Books,86,4.7
DevOps Guide,Premium quality devops guide designed for everyday use,6157,https://picsum.photos/seed/202/400/400,Books,100,4.6
Software Engineering,Premium quality software engineering designed for everyday use,4361,https://picsum.photos/seed/203/400/400,Books,70,3.8
System Design,Premium quality system design designed for everyday use,1778,https://picsum.photos/seed/204/400/400,Books,90,3.7
Startup Guide,Premium quality startup guide designed for everyday use,4240,https://picsum.photos/seed/205/400/400,Books,22,4.5
Business Strategy,Premium quality business strategy designed for everyday use,2919,https://picsum.photos/seed/206/400/400,Books,35,4.5
Marketing Basics,Premium quality marketing basics designed for everyday use,4814,https://picsum.photos/seed/207/400/400,Books,38,4.8
Finance Management,Premium quality finance management designed for everyday use,4700,https://picsum.photos/seed/208/400/400,Books,71,3.7
Investment Guide,Premium quality investment guide designed for everyday use,6734,https://picsum.photos/seed/209/400/400,Books,60,3.7
Personal Finance,Premium quality personal finance designed for everyday use,3778,https://picsum.photos/seed/210/400/400,Books,42,4.8
Self Help Book,Premium quality self help book designed for everyday use,1982,https://picsum.photos/seed/211/400/400,Books,31,4.1
Productivity Guide,Premium quality productivity guide designed for everyday use,5241,https://picsum.photos/seed/212/400/400,Books,47,3.9
Time Management,Premium quality time management designed for everyday use,1775,https://picsum.photos/seed/213/400/400,Books,72,4.2
Motivational Book,Premium quality motivational book designed for everyday use,4685,https://picsum.photos/seed/214/400/400,Books,81,4.7
Leadership Skills,Premium quality leadership skills designed for everyday use,1701,https://picsum.photos/seed/215/400/400,Books,68,4.3
Communication Skills,Premium quality communication skills designed for everyday use,6642,https://picsum.photos/seed/216/400/400,Books,85,4.3
Psychology Basics,Premium quality psychology basics designed for everyday use,533,https://picsum.photos/seed/217/400/400,Books,20,4.7
Human Behavior,Premium quality human behavior designed for everyday use,5406,https://picsum.photos/seed/218/400/400,Books,48,3.8
Philosophy Book,Premium quality philosophy book designed for everyday use,7259,https://picsum.photos/seed/219/400/400,Books,7,4.6
History of India,Premium quality history of india designed for everyday use,5235,https://picsum.photos/seed/220/400/400,Books,24,4.6
World History,Premium quality world history designed for everyday use,2198,https://picsum.photos/seed/221/400/400,Books,33,4.8
Geography Guide,Premium quality geography guide designed for everyday use,4957,https://picsum.photos/seed/222/400/400,Books,16,4.3
Economics Basics,Premium quality economics basics designed for everyday use,4454,https://picsum.photos/seed/223/400/400,Books,72,4.3
Political Science,Premium quality political science designed for everyday use,6086,https://picsum.photos/seed/224/400/400,Books,81,3.9
Environmental Studies,Premium quality environmental studies designed for everyday use,5755,https://picsum.photos/seed/225/400/400,Books,96,3.6
Climate Change,Premium quality climate change designed for everyday use,6689,https://picsum.photos/seed/226/400/400,Books,11,4.8
Sustainability Guide,Premium quality sustainability guide designed for everyday use,1247,https://picsum.photos/seed/227/400/400,Books,100,4.0
Health & Fitness,Premium quality health & fitness designed for everyday use,1500,https://picsum.photos/seed/228/400/400,Books,89,4.7
Nutrition Guide,Premium quality nutrition guide designed for everyday use,1079,https://picsum.photos/seed/229/400/400,Books,99,3.7
